﻿{"inkVersion":19,"root":[["\n","\n","\n",{"->":"normal.annoyed"},"^this is here to make sure ink doesn't run out of content","\n",["ev",{"^->":"0.6.$r1"},{"temp=":"$r"},"str",{"->":".^.s"},[{"#n":"$r1"}],"/str","/ev",{"*":"0.c-0","flg":18},{"s":["^I don't want to run out",{"->":"$r","var":true},null]}],{"c-0":["ev",{"^->":"0.c-0.$r2"},"/ev",{"temp=":"$r"},{"->":"0.6.s"},[{"#n":"$r2"}],"\n","end",{"->":"0.g-0"},{"#f":5}],"g-0":["done",{"#f":5}]}],"done",{"start":[["^jyugfiyg","\n",["ev",{"^->":"start.0.2.$r1"},{"temp=":"$r"},"str",{"->":".^.s"},[{"#n":"$r1"}],"/str","/ev",{"*":".^.^.c-0","flg":18},{"s":["^Knock Politely",{"->":"$r","var":true},null]}],["ev",{"^->":"start.0.3.$r1"},{"temp=":"$r"},"str",{"->":".^.s"},[{"#n":"$r1"}],"/str","/ev",{"*":".^.^.c-1","flg":18},{"s":["^Knock Urgently",{"->":"$r","var":true},null]}],["ev",{"^->":"start.0.4.$r1"},{"temp=":"$r"},"str",{"->":".^.s"},[{"#n":"$r1"}],"/str","/ev",{"*":".^.^.c-2","flg":18},{"s":["^Knock Rythmatically",{"->":"$r","var":true},null]}],{"c-0":["ev",{"^->":"start.0.c-0.$r2"},"/ev",{"temp=":"$r"},{"->":".^.^.2.s"},[{"#n":"$r2"}],"\n",{"->":".^.^.g-0"},{"#f":5}],"c-1":["ev",{"^->":"start.0.c-1.$r2"},"/ev",{"temp=":"$r"},{"->":".^.^.3.s"},[{"#n":"$r2"}],"\n",{"->":".^.^.g-0"},{"#f":5}],"c-2":["ev",{"^->":"start.0.c-2.$r2"},"/ev",{"temp=":"$r"},{"->":".^.^.4.s"},[{"#n":"$r2"}],"\n",{"->":".^.^.g-0"},{"#f":5}],"g-0":["end",{"#f":5}]}],{"#f":1}],"test":[["^This is a test yall","\n",["ev",{"^->":"test.0.2.$r1"},{"temp=":"$r"},"str",{"->":".^.s"},[{"#n":"$r1"}],"/str","/ev",{"*":".^.^.c-0","flg":18},{"s":["^wow",{"->":"$r","var":true},null]}],["ev",{"^->":"test.0.3.$r1"},{"temp=":"$r"},"str",{"->":".^.s"},[{"#n":"$r1"}],"/str","/ev",{"*":".^.^.c-1","flg":18},{"s":["^amazing",{"->":"$r","var":true},null]}],["ev",{"^->":"test.0.4.$r1"},{"temp=":"$r"},"str",{"->":".^.s"},[{"#n":"$r1"}],"/str","/ev",{"*":".^.^.c-2","flg":18},{"s":["^bugs",{"->":"$r","var":true},null]}],{"c-0":["ev",{"^->":"test.0.c-0.$r2"},"/ev",{"temp=":"$r"},{"->":".^.^.2.s"},[{"#n":"$r2"}],"\n",{"->":".^.^.g-0"},{"#f":5}],"c-1":["ev",{"^->":"test.0.c-1.$r2"},"/ev",{"temp=":"$r"},{"->":".^.^.3.s"},[{"#n":"$r2"}],"\n",{"->":".^.^.g-0"},{"#f":5}],"c-2":["ev",{"^->":"test.0.c-2.$r2"},"/ev",{"temp=":"$r"},{"->":".^.^.4.s"},[{"#n":"$r2"}],"\n",{"->":".^.^.g-0"},{"#f":5}],"g-0":["^eiuh","\n",["ev",{"^->":"test.0.g-0.2.$r1"},{"temp=":"$r"},"str",{"->":".^.s"},[{"#n":"$r1"}],"/str","/ev",{"*":".^.^.c-3","flg":18},{"s":["^youknow",{"->":"$r","var":true},null]}],["ev",{"^->":"test.0.g-0.3.$r1"},{"temp=":"$r"},"str",{"->":".^.s"},[{"#n":"$r1"}],"/str","/ev",{"*":".^.^.c-4","flg":18},{"s":["^thuis",{"->":"$r","var":true},null]}],["ev",{"^->":"test.0.g-0.4.$r1"},{"temp=":"$r"},"str",{"->":".^.s"},[{"#n":"$r1"}],"/str","/ev",{"*":".^.^.c-5","flg":18},{"s":["^sucks",{"->":"$r","var":true},null]}],{"c-3":["ev",{"^->":"test.0.g-0.c-3.$r2"},"/ev",{"temp=":"$r"},{"->":".^.^.2.s"},[{"#n":"$r2"}],{"#":"e1.5"},"\n",{"->":"test.0.g-1"},{"#f":5}],"c-4":["ev",{"^->":"test.0.g-0.c-4.$r2"},"/ev",{"temp=":"$r"},{"->":".^.^.3.s"},[{"#n":"$r2"}],"\n",{"->":"test.0.g-1"},{"#f":5}],"c-5":["ev",{"^->":"test.0.g-0.c-5.$r2"},"/ev",{"temp=":"$r"},{"->":".^.^.4.s"},[{"#n":"$r2"}],"\n",{"->":"test.0.g-1"},{"#f":5}],"#f":5}],"g-1":["ev","str","^SetCloseTime","/str","/ev",{"*":".^.c-6","flg":20},{"c-6":["^ ","\n",{"#":"e3"},{"#":"happy"},"end",{"#f":5}],"#f":5}]}],{"#f":1}],"normal":[{"->":".^.neutral"},{"neutral":["^Hello.","\n",{"->":".^.^.FirstChoice"},{"#f":1}],"annoyed":["ev","str","^annoyed","/str","/ev",{"VAR=":"reaction","re":true},"^WHAT IS IT!","\n",{"->":".^.^.FirstChoice"},{"#f":1}],"expectingfriend":[["ev","str","^annoyed","/str","/ev",{"VAR=":"reaction","re":true},"^hey how's it goi...wait, sorry I thought you were someone else.","\n",["ev",{"^->":"normal.expectingfriend.0.8.$r1"},{"temp=":"$r"},"str",{"->":".^.s"},[{"#n":"$r1"}],"/str","/ev",{"*":".^.^.c-0","flg":18},{"s":["^really why?",{"->":"$r","var":true},null]}],{"c-0":["ev",{"^->":"normal.expectingfriend.0.c-0.$r2"},"/ev",{"temp=":"$r"},{"->":".^.^.8.s"},[{"#n":"$r2"}],"\n","^Oh I have a friend that always knocks a lot at first, then just stops aburptly, I think they get that I find constant knocking really annoying.","\n",[["ev",{"^->":"normal.expectingfriend.0.c-0.9.0.$r1"},{"temp=":"$r"},"str",{"->":".^.s"},[{"#n":"$r1"}],"/str","/ev",{"*":".^.^.c-0","flg":18},{"s":["^cool",{"->":"$r","var":true},null]}],["ev",{"^->":"normal.expectingfriend.0.c-0.9.1.$r1"},{"temp=":"$r"},"str",{"->":".^.s"},[{"#n":"$r1"}],"/str","/ev",{"*":".^.^.c-1","flg":18},{"s":["^ok",{"->":"$r","var":true},null]}],{"c-0":["ev",{"^->":"normal.expectingfriend.0.c-0.9.c-0.$r2"},"/ev",{"temp=":"$r"},{"->":".^.^.0.s"},[{"#n":"$r2"}],"\n",{"->":".^.^.g-0"},{"#f":5}],"c-1":["ev",{"^->":"normal.expectingfriend.0.c-0.9.c-1.$r2"},"/ev",{"temp=":"$r"},{"->":".^.^.1.s"},[{"#n":"$r2"}],"\n",{"->":".^.^.g-0"},{"#f":5}],"g-0":["^Like I already know your at the door, you don't have to keep going on you know ",{"->":"normal.FirstChoice"},"\n",{"#f":5}]}],{"#f":5}]}],{"#f":1}],"FirstChoice":[[["ev",{"^->":"normal.FirstChoice.0.0.$r1"},{"temp=":"$r"},"str",{"->":".^.s"},[{"#n":"$r1"}],"/str","/ev",{"*":".^.^.c-0","flg":18},{"s":["^I have a package for you",{"->":"$r","var":true},null]}],["ev",{"^->":"normal.FirstChoice.0.1.$r1"},{"temp=":"$r"},"str",{"->":".^.s"},[{"#n":"$r1"}],"/str","/ev",{"*":".^.^.c-1","flg":18},{"s":["^I could really use your help.",{"->":"$r","var":true},null]}],["ev",{"^->":"normal.FirstChoice.0.2.$r1"},{"temp=":"$r"},"str",{"->":".^.s"},[{"#n":"$r1"}],"/str","/ev",{"*":".^.^.c-2","flg":18},{"s":["^Don't you remember me?",{"->":"$r","var":true},null]}],{"c-0":["ev",{"^->":"normal.FirstChoice.0.c-0.$r2"},"/ev",{"temp=":"$r"},{"->":".^.^.0.s"},[{"#n":"$r2"}],"\n","ev",{"VAR?":"reaction"},"/ev",["du","ev","str","^annoyed","/str","==","/ev",{"->":".^.b","c":true},{"b":["pop","\n",{"->":"normal.annoyedPackage"},{"->":".^.^.^.14"},null]}],["du","ev","str","^neutral","/str","==","/ev",{"->":".^.b","c":true},{"b":["pop","\n",{"->":"normal.neutralPackage"},{"->":".^.^.^.14"},null]}],["du","ev","str","^Expecting","/str","==","/ev",{"->":".^.b","c":true},{"b":["pop","\n",{"->":"normal.expectingPackage"},{"->":".^.^.^.14"},null]}],"pop","nop","\n",{"#f":5}],"c-1":["ev",{"^->":"normal.FirstChoice.0.c-1.$r2"},"/ev",{"temp=":"$r"},{"->":".^.^.1.s"},[{"#n":"$r2"}],"\n","end",{"#f":5}],"c-2":["ev",{"^->":"normal.FirstChoice.0.c-2.$r2"},"/ev",{"temp=":"$r"},{"->":".^.^.2.s"},[{"#n":"$r2"}],"\n","ev",{"VAR?":"reaction"},"/ev",["du","ev","str","^annoyed","/str","==","/ev",{"->":".^.b","c":true},{"b":["pop","\n",{"->":"normal.annoyedremeber"},{"->":".^.^.^.14"},null]}],["du","ev","str","^neutral","/str","==","/ev",{"->":".^.b","c":true},{"b":["pop","\n",{"->":"normal.neutralRemeber"},{"->":".^.^.^.14"},null]}],["du","ev","str","^Expecting","/str","==","/ev",{"->":".^.b","c":true},{"b":["pop","\n",{"->":"normal.neutralRemeber"},{"->":".^.^.^.14"},null]}],"pop","nop","\n",{"#f":5}]}],{"#f":1}],"expectingPackage":[["^Oh, ok, I wasn't expecting anything today, are you sure you've got the right adress.","\n",["ev",{"^->":"normal.expectingPackage.0.2.$r1"},{"temp=":"$r"},"str",{"->":".^.s"},[{"#n":"$r1"}],"/str","/ev",{"*":".^.^.c-0","flg":18},{"s":["^This 29 KingsWood Lane?",{"->":"$r","var":true},null]}],["ev",{"^->":"normal.expectingPackage.0.3.$r1"},{"temp=":"$r"},"str",{"->":".^.s"},[{"#n":"$r1"}],"/str","/ev",{"*":".^.^.c-1","flg":18},{"s":["^Are you darren smith?",{"->":"$r","var":true},null]}],["ev",{"^->":"normal.expectingPackage.0.4.$r1"},{"temp=":"$r"},"str",{"->":".^.s"},[{"#n":"$r1"}],"/str","/ev",{"*":".^.^.c-2","flg":18},{"s":["^Yep I just checked",{"->":"$r","var":true},null]}],{"c-0":["ev",{"^->":"normal.expectingPackage.0.c-0.$r2"},"/ev",{"temp=":"$r"},{"->":".^.^.2.s"},[{"#n":"$r2"}],"\n","^Nope, it's 15 Kay Spur","\n",[["ev",{"^->":"normal.expectingPackage.0.c-0.9.0.$r1"},{"temp=":"$r"},"str",{"->":".^.s"},[{"#n":"$r1"}],"/str","/ev",{"*":".^.^.c-0","flg":18},{"s":["^oh, do you know where I can find that adress",{"->":"$r","var":true},null]}],["ev",{"^->":"normal.expectingPackage.0.c-0.9.1.$r1"},{"temp=":"$r"},"str",{"->":".^.s"},[{"#n":"$r1"}],"/str","/ev",{"*":".^.^.c-1","flg":18},{"s":["^Sorry, that was what I meant to say.",{"->":"$r","var":true},null]}],{"c-0":["ev",{"^->":"normal.expectingPackage.0.c-0.9.c-0.$r2"},"/ev",{"temp=":"$r"},{"->":".^.^.0.s"},[{"#n":"$r2"}],"\n","^Honestly, no. I don't think I've ever head of a kingswood lane, not  in this town.","\n",[["ev",{"^->":"normal.expectingPackage.0.c-0.9.c-0.9.0.$r1"},{"temp=":"$r"},"str",{"->":".^.s"},[{"#n":"$r1"}],"/str","/ev",{"*":".^.^.c-0","flg":18},{"s":["^Ok, thank you anyway. ",{"->":"$r","var":true},null]}],["ev",{"^->":"normal.expectingPackage.0.c-0.9.c-0.9.1.$r1"},{"temp=":"$r"},"str",{"->":".^.s"},[{"#n":"$r1"}],"/str","/ev",{"*":".^.^.c-1","flg":18},{"s":["^Could I leave the package with you then.",{"->":"$r","var":true},null]}],{"c-0":["ev",{"^->":"normal.expectingPackage.0.c-0.9.c-0.9.c-0.$r2"},"/ev",{"temp=":"$r"},{"->":".^.^.0.s"},[{"#n":"$r2"}],"\n","^no worries ","end","\n",{"#f":5}],"c-1":["ev",{"^->":"normal.expectingPackage.0.c-0.9.c-0.9.c-1.$r2"},"/ev",{"temp=":"$r"},{"->":".^.^.1.s"},[{"#n":"$r2"}],"\n","^ummm......no ","end","\n",{"#f":5}]}],{"#f":5}],"c-1":["ev",{"^->":"normal.expectingPackage.0.c-0.9.c-1.$r2"},"/ev",{"temp=":"$r"},{"->":".^.^.1.s"},[{"#n":"$r2"}],"\n","^ummm, ok. So where is the package then? ",{"->":"normal.WherePackage"},"\n",{"#f":5}]}],{"#f":5}],"c-1":["ev",{"^->":"normal.expectingPackage.0.c-1.$r2"},"/ev",{"temp=":"$r"},{"->":".^.^.3.s"},[{"#n":"$r2"}],"\n","^Nope. He lives the other side of town.","\n",[["ev",{"^->":"normal.expectingPackage.0.c-1.9.0.$r1"},{"temp=":"$r"},"str",{"->":".^.s"},[{"#n":"$r1"}],"/str","/ev",{"*":".^.^.c-0","flg":18},{"s":["^Do you know is adress?",{"->":"$r","var":true},null]}],{"c-0":["ev",{"^->":"normal.expectingPackage.0.c-1.9.c-0.$r2"},"/ev",{"temp=":"$r"},{"->":".^.^.0.s"},[{"#n":"$r2"}],"\n","^Not off by heart, I have written down inside though, If you wait I can get it.","\n",[["ev",{"^->":"normal.expectingPackage.0.c-1.9.c-0.9.0.$r1"},{"temp=":"$r"},"str",{"->":".^.s"},[{"#n":"$r1"}],"/str","/ev",{"*":".^.^.c-0","flg":18},{"s":["^No that's fine",{"->":"$r","var":true},null]}],["ev",{"^->":"normal.expectingPackage.0.c-1.9.c-0.9.1.$r1"},{"temp=":"$r"},"str",{"->":".^.s"},[{"#n":"$r1"}],"/str","/ev",{"*":".^.^.c-1","flg":18},{"s":["^Ok sure. ",{"->":"$r","var":true},null]}],["ev",{"^->":"normal.expectingPackage.0.c-1.9.c-0.9.2.$r1"},{"temp=":"$r"},"str",{"->":".^.s"},[{"#n":"$r1"}],"/str","/ev",{"*":".^.^.c-2","flg":18},{"s":["^As long as you don't close that door",{"->":"$r","var":true},null]}],{"c-0":["ev",{"^->":"normal.expectingPackage.0.c-1.9.c-0.9.c-0.$r2"},"/ev",{"temp=":"$r"},{"->":".^.^.0.s"},[{"#n":"$r2"}],"\n","^it's no bother.","\n",[["ev",{"^->":"normal.expectingPackage.0.c-1.9.c-0.9.c-0.9.0.$r1"},{"temp=":"$r"},"str",{"->":".^.s"},[{"#n":"$r1"}],"/str","/ev",{"*":".^.^.c-0","flg":18},{"s":["^ok sure.",{"->":"$r","var":true},null]}],["ev",{"^->":"normal.expectingPackage.0.c-1.9.c-0.9.c-0.9.1.$r1"},{"temp=":"$r"},"str",{"->":".^.s"},[{"#n":"$r1"}],"/str","/ev",{"*":".^.^.c-1","flg":18},{"s":["^OK, just could you leave the door open",{"->":"$r","var":true},null]}],["ev",{"^->":"normal.expectingPackage.0.c-1.9.c-0.9.c-0.9.2.$r1"},{"temp=":"$r"},"str",{"->":".^.s"},[{"#n":"$r1"}],"/str","/ev",{"*":".^.^.c-2","flg":18},{"s":["^goodbye",{"->":"$r","var":true},null]}],{"c-0":["ev",{"^->":"normal.expectingPackage.0.c-1.9.c-0.9.c-0.9.c-0.$r2"},"/ev",{"temp=":"$r"},{"->":".^.^.0.s"},[{"#n":"$r2"}],"\n","^I'll just shut this door to stop the cold getting in ","end","\n",{"#f":5}],"c-1":["ev",{"^->":"normal.expectingPackage.0.c-1.9.c-0.9.c-0.9.c-1.$r2"},"/ev",{"temp=":"$r"},{"->":".^.^.1.s"},[{"#n":"$r2"}],"\n","^ummm...that's a bit...goodbye. ","end","\n",{"#f":5}],"c-2":["ev",{"^->":"normal.expectingPackage.0.c-1.9.c-0.9.c-0.9.c-2.$r2"},"/ev",{"temp=":"$r"},{"->":".^.^.2.s"},[{"#n":"$r2"}],"\n","^oh, ok, good luck. ","end","\n",{"#f":5}]}],{"#f":5}],"c-1":["ev",{"^->":"normal.expectingPackage.0.c-1.9.c-0.9.c-1.$r2"},"/ev",{"temp=":"$r"},{"->":".^.^.1.s"},[{"#n":"$r2"}],"\n","^I'll just shut this door to stop the cold getting in ","end","\n",{"#f":5}],"c-2":["ev",{"^->":"normal.expectingPackage.0.c-1.9.c-0.9.c-2.$r2"},"/ev",{"temp=":"$r"},{"->":".^.^.2.s"},[{"#n":"$r2"}],"\n","^ummm...that's a bit werid...goodbye.","\n","end",{"#f":5}]}],{"#f":5}]}],{"#f":5}],"c-2":["ev",{"^->":"normal.expectingPackage.0.c-2.$r2"},"/ev",{"temp=":"$r"},{"->":".^.^.4.s"},[{"#n":"$r2"}],"\n","^oh ok...so where is the package then? ",{"->":"normal.WherePackage"},"\n",{"#f":5}]}],{"#f":1}],"neutralPackage":["^oh, where is it?","\n",{"->":".^.^.WherePackage"},{"#f":1}],"annoyedPackage":[["^Ok...well that's no reason to knock on the door like there's a goddamn warrant for my arrest.","\n",["ev",{"^->":"normal.annoyedPackage.0.2.$r1"},{"temp=":"$r"},"str",{"->":".^.s"},[{"#n":"$r1"}],"/str","/ev",{"*":".^.^.c-0","flg":18},{"s":["^I'm sorry sir",{"->":"$r","var":true},null]}],["ev",{"^->":"normal.annoyedPackage.0.3.$r1"},{"temp=":"$r"},"str",{"->":".^.s"},[{"#n":"$r1"}],"/str","/ev",{"*":".^.^.c-1","flg":18},{"s":["^Is there a warrent for your arrest?",{"->":"$r","var":true},null]}],{"c-0":["ev",{"^->":"normal.annoyedPackage.0.c-0.$r2"},"/ev",{"temp=":"$r"},{"->":".^.^.2.s"},[{"#n":"$r2"}],"\n","^Sure, whatever, where is my package?","\n",{"->":".^.^.g-0"},{"#f":5}],"c-1":["ev",{"^->":"normal.annoyedPackage.0.c-1.$r2"},"/ev",{"temp=":"$r"},{"->":".^.^.3.s"},[{"#n":"$r2"}],"\n","^Very funny, where is my package?","\n",{"->":".^.^.g-0"},{"#f":5}],"g-0":[{"->":"normal.WherePackage"},{"#f":5}]}],{"#f":1}],"WherePackage":[[["ev",{"^->":"normal.WherePackage.0.0.$r1"},{"temp=":"$r"},"str",{"->":".^.s"},[{"#n":"$r1"}],"/str","/ev",{"*":".^.^.c-0","flg":18},{"s":["^It's in the truck, I need you to sign for it first",{"->":"$r","var":true},null]}],["ev",{"^->":"normal.WherePackage.0.1.$r1"},{"temp=":"$r"},"str",{"->":".^.s"},[{"#n":"$r1"}],"/str","/ev",{"*":".^.^.c-1","flg":18},{"s":["^Well about that...",{"->":"$r","var":true},null]}],{"c-0":["ev",{"^->":"normal.WherePackage.0.c-0.$r2"},"/ev",{"temp=":"$r"},{"->":".^.^.0.s"},[{"#n":"$r2"}],"\n","^Wait Wait Wait, I never ordered anything that would require a signature.","\n",[["ev",{"^->":"normal.WherePackage.0.c-0.9.0.$r1"},{"temp=":"$r"},"str",{"->":".^.s"},[{"#n":"$r1"}],"/str","/ev",{"*":".^.^.c-0","flg":18},{"s":["^It's a new policy.",{"->":"$r","var":true},null]}],["ev",{"^->":"normal.WherePackage.0.c-0.9.1.$r1"},{"temp=":"$r"},"str",{"->":".^.s"},[{"#n":"$r1"}],"/str","/ev",{"*":".^.^.c-1","flg":18},{"s":["^What did you order?",{"->":"$r","var":true},null]}],{"c-0":["ev",{"^->":"normal.WherePackage.0.c-0.9.c-0.$r2"},"/ev",{"temp=":"$r"},{"->":".^.^.0.s"},[{"#n":"$r2"}],"\n","ev",{"VAR?":"reaction"},"/ev",["du","ev","str","^annoyed","/str","==","/ev",{"->":".^.b","c":true},{"b":["pop","\n","^So?","\n",{"->":".^.^.^.14"},null]}],["du","ev","str","^neutral","/str","==","/ev",{"->":".^.b","c":true},{"b":["pop","\n","^Ok, well I'm not going to sign it still.","\n",{"->":".^.^.^.14"},null]}],["du","ev","str","^Expecting","/str","==","/ev",{"->":".^.b","c":true},{"b":["pop","\n","^You just keep dissapointing me don't you.","\n",{"->":".^.^.^.14"},null]}],"pop","nop","\n",[["ev",{"^->":"normal.WherePackage.0.c-0.9.c-0.16.0.$r1"},{"temp=":"$r"},"str",{"->":".^.s"},[{"#n":"$r1"}],"/str","/ev",{"*":".^.^.c-0","flg":18},{"s":["^I can't give this to you don't sign.",{"->":"$r","var":true},null]}],["ev",{"^->":"normal.WherePackage.0.c-0.9.c-0.16.1.$r1"},{"temp=":"$r"},"str",{"->":".^.s"},[{"#n":"$r1"}],"/str","/ev",{"*":".^.^.c-1","flg":18},{"s":["^Come on sir, I'm just doing my job. ",{"->":"$r","var":true},null]}],{"c-0":["ev",{"^->":"normal.WherePackage.0.c-0.9.c-0.16.c-0.$r2"},"/ev",{"temp=":"$r"},{"->":".^.^.0.s"},[{"#n":"$r2"}],"\n","^Well then I don't want it. Good Day.","\n","end",{"#f":5}],"c-1":["ev",{"^->":"normal.WherePackage.0.c-0.9.c-0.16.c-1.$r2"},"/ev",{"temp=":"$r"},{"->":".^.^.1.s"},[{"#n":"$r2"}],"\n",{"->":"normal.signHere"},{"#f":5}]}],{"#f":5}],"c-1":["ev",{"^->":"normal.WherePackage.0.c-0.9.c-1.$r2"},"/ev",{"temp=":"$r"},{"->":".^.^.1.s"},[{"#n":"$r2"}],"\n","^I'm not going to tell you that.","\n",[["ev",{"^->":"normal.WherePackage.0.c-0.9.c-1.9.0.$r1"},{"temp=":"$r"},"str",{"->":".^.s"},[{"#n":"$r1"}],"/str","/ev",{"*":".^.^.c-0","flg":18},{"s":["^Is it the size of a piano?",{"->":"$r","var":true},null]}],["ev",{"^->":"normal.WherePackage.0.c-0.9.c-1.9.1.$r1"},{"temp=":"$r"},"str",{"->":".^.s"},[{"#n":"$r1"}],"/str","/ev",{"*":".^.^.c-1","flg":18},{"s":["^Is it the size of a Bug?",{"->":"$r","var":true},null]}],["ev",{"^->":"normal.WherePackage.0.c-0.9.c-1.9.2.$r1"},{"temp=":"$r"},"str",{"->":".^.s"},[{"#n":"$r1"}],"/str","/ev",{"*":".^.^.c-2","flg":18},{"s":["^Why not?",{"->":"$r","var":true},null]}],{"c-0":["ev",{"^->":"normal.WherePackage.0.c-0.9.c-1.9.c-0.$r2"},"/ev",{"temp=":"$r"},{"->":".^.^.0.s"},[{"#n":"$r2"}],"\n",{"->":".^.^.g-0"},{"#f":5}],"c-1":["ev",{"^->":"normal.WherePackage.0.c-0.9.c-1.9.c-1.$r2"},"/ev",{"temp=":"$r"},{"->":".^.^.1.s"},[{"#n":"$r2"}],"\n","ev",{"VAR?":"reaction"},"/ev",["du","ev","str","^annoyed","/str","==","/ev",{"->":".^.b","c":true},{"b":["pop","\n","^No. Goodbye ","end","\n",{"->":".^.^.^.14"},null]}],["du","ev","str","^neutral","/str","==","/ev",{"->":".^.b","c":true},{"b":["pop","\n","^Fine, Give me ",{"->":"normal.signHere"},"\n",{"->":".^.^.^.14"},null]}],["du","ev","str","^Expecting","/str","==","/ev",{"->":".^.b","c":true},{"b":["pop","\n","^no, but wait ",{"->":"normal.signHere"},"\n",{"->":".^.^.^.14"},null]}],"pop","nop","\n",{"->":".^.^.g-0"},{"#f":5}],"c-2":["ev",{"^->":"normal.WherePackage.0.c-0.9.c-1.9.c-2.$r2"},"/ev",{"temp=":"$r"},{"->":".^.^.2.s"},[{"#n":"$r2"}],"\n","^It's none of your bussiness that's why!","\n",{"->":"normal.WhereTruck"},{"->":".^.^.g-0"},{"#f":5}],"g-0":["ev",{"VAR?":"reaction"},"/ev",["du","ev","str","^annoyed","/str","==","/ev",{"->":".^.b","c":true},{"b":["pop","\n","^No. Goodbye ","end","\n",{"->":".^.^.^.7"},null]}],["du","ev","str","^neutral","/str","==","/ev",{"->":".^.b","c":true},{"b":["pop","\n","^Fine, Give me ",{"->":"normal.signHere"},"\n",{"->":".^.^.^.7"},null]}],["du","ev","str","^Expecting","/str","==","/ev",{"->":".^.b","c":true},{"b":["pop","\n","^no, but wait ",{"->":"normal.signHere"},"\n",{"->":".^.^.^.7"},null]}],"pop","nop","\n",{"#f":5}]}],{"#f":5}]}],{"#f":5}],"c-1":["ev",{"^->":"normal.WherePackage.0.c-1.$r2"},"/ev",{"temp=":"$r"},{"->":".^.^.1.s"},[{"#n":"$r2"}],"\n","^What about it.","\n",[["ev",{"^->":"normal.WherePackage.0.c-1.9.0.$r1"},{"temp=":"$r"},"str",{"->":".^.s"},[{"#n":"$r1"}],"/str","/ev",{"*":".^.^.c-0","flg":18},{"s":["^It broke in transit",{"->":"$r","var":true},null]}],["ev",{"^->":"normal.WherePackage.0.c-1.9.1.$r1"},{"temp=":"$r"},"str",{"->":".^.s"},[{"#n":"$r1"}],"/str","/ev",{"*":".^.^.c-1","flg":18},{"s":["^I don't have it.",{"->":"$r","var":true},null]}],["ev",{"^->":"normal.WherePackage.0.c-1.9.2.$r1"},{"temp=":"$r"},"str",{"->":".^.s"},[{"#n":"$r1"}],"/str","/ev",{"*":".^.^.c-2","flg":18},{"s":["^You didn't order a package",{"->":"$r","var":true},null]}],{"c-0":["ev",{"^->":"normal.WherePackage.0.c-1.9.c-0.$r2"},"/ev",{"temp=":"$r"},{"->":".^.^.0.s"},[{"#n":"$r2"}],"\n","^oh...so why are you here then?","\n",[["ev",{"^->":"normal.WherePackage.0.c-1.9.c-0.9.0.$r1"},{"temp=":"$r"},"str",{"->":".^.s"},[{"#n":"$r1"}],"/str","/ev",{"*":".^.^.c-0","flg":18},{"s":["^I just wanted to let you know.",{"->":"$r","var":true},null]}],["ev",{"^->":"normal.WherePackage.0.c-1.9.c-0.9.1.$r1"},{"temp=":"$r"},"str",{"->":".^.s"},[{"#n":"$r1"}],"/str","/ev",{"*":".^.^.c-1","flg":18},{"s":["^You still have to pay for it.",{"->":"$r","var":true},null]}],{"c-0":["ev",{"^->":"normal.WherePackage.0.c-1.9.c-0.9.c-0.$r2"},"/ev",{"temp=":"$r"},{"->":".^.^.0.s"},[{"#n":"$r2"}],"\n","ev",{"VAR?":"reaction"},"/ev",["du","ev","str","^annoyed","/str","==","/ev",{"->":".^.b","c":true},{"b":["pop","\n","^sure, well thank you very much,","\n",{"->":".^.^.^.14"},null]}],["du","ev","str","^neutral","/str","==","/ev",{"->":".^.b","c":true},{"b":["pop","\n","^oh, ok. Thanks. ","end","\n",{"->":".^.^.^.14"},null]}],["du","ev","str","^Expecting","/str","==","/ev",{"->":".^.b","c":true},{"b":["pop","\n","^Well to be","\n",{"->":".^.^.^.14"},null]}],"pop","nop","\n",{"#f":5}],"c-1":["ev",{"^->":"normal.WherePackage.0.c-1.9.c-0.9.c-1.$r2"},"/ev",{"temp=":"$r"},{"->":".^.^.1.s"},[{"#n":"$r2"}],"\n","ev",{"VAR?":"reaction"},"/ev",["du","ev","str","^annoyed","/str","==","/ev",{"->":".^.b","c":true},{"b":["pop","\n","^WHAT! That doesn't make any sense!","\n",{"->":".^.^.^.14"},null]}],["du","ev","str","^neutral","/str","==","/ev",{"->":".^.b","c":true},{"b":["pop","\n","^ok well I won't be doing that.","\n",{"->":".^.^.^.14"},null]}],["du","ev","str","^Expecting","/str","==","/ev",{"->":".^.b","c":true},{"b":["pop","\n","^That doesn't sound right.","\n",{"->":".^.^.^.14"},null]}],"pop","nop","\n",[["ev",{"^->":"normal.WherePackage.0.c-1.9.c-0.9.c-1.16.0.$r1"},{"temp=":"$r"},"str",{"->":".^.s"},[{"#n":"$r1"}],"/str","/ev",{"*":".^.^.c-0","flg":18},{"s":["^It's only a 5 dollars service fee.",{"->":"$r","var":true},null]}],["ev",{"^->":"normal.WherePackage.0.c-1.9.c-0.9.c-1.16.1.$r1"},{"temp=":"$r"},"str",{"->":".^.s"},[{"#n":"$r1"}],"/str","/ev",{"*":".^.^.c-1","flg":18},{"s":["^Come on sir, I'm just doing me job",{"->":"$r","var":true},null]}],{"c-0":["ev",{"^->":"normal.WherePackage.0.c-1.9.c-0.9.c-1.16.c-0.$r2"},"/ev",{"temp=":"$r"},{"->":".^.^.0.s"},[{"#n":"$r2"}],"\n","ev",{"VAR?":"reaction"},"/ev",["du","ev","str","^annoyed","/str","==","/ev",{"->":".^.b","c":true},{"b":["pop","\n","^I've never head of this in my live.","\n",{"->":".^.^.^.14"},null]}],["du","ev","str","^neutral","/str","==","/ev",{"->":".^.b","c":true},{"b":["pop","\n","^I don't","\n",{"->":".^.^.^.14"},null]}],["du","ev","str","^Expecting","/str","==","/ev",{"->":".^.b","c":true},{"b":["pop","\n","^Look I'm busy, so tell your boss to call me later ","end","\n",{"->":".^.^.^.14"},null]}],"pop","nop","\n",{"->":".^.^.g-0"},{"#f":5}],"c-1":["ev",{"^->":"normal.WherePackage.0.c-1.9.c-0.9.c-1.16.c-1.$r2"},"/ev",{"temp=":"$r"},{"->":".^.^.1.s"},[{"#n":"$r2"}],"\n",{"->":".^.^.g-0"},{"#f":5}],"g-0":["ev",{"VAR?":"reaction"},"/ev",["du","ev","str","^annoyed","/str","==","/ev",{"->":".^.b","c":true},{"b":["pop","\n","^ummm, actually I don't think you are, I think your a pathetic con artist trying to make a quick buck. ",{"->":"normal.Caught"},"\n",{"->":".^.^.^.7"},null]}],["du","ev","str","^neutral","/str","==","/ev",{"->":".^.b","c":true},{"b":["pop","\n","^yeah sure, ","<>","^ ",{"->":"normal.WhereTruck"},"\n",{"->":".^.^.^.7"},null]}],["du","ev","str","^Expecting","/str","==","/ev",{"->":".^.b","c":true},{"b":["pop","\n","end",{"->":".^.^.^.7"},null]}],"pop","nop","\n",{"#f":5}]}],{"#f":5}]}],{"#f":5}],"c-1":["ev",{"^->":"normal.WherePackage.0.c-1.9.c-1.$r2"},"/ev",{"temp=":"$r"},{"->":".^.^.1.s"},[{"#n":"$r2"}],"\n","^Where is it then?","\n",[["ev",{"^->":"normal.WherePackage.0.c-1.9.c-1.9.0.$r1"},{"temp=":"$r"},"str",{"->":".^.s"},[{"#n":"$r1"}],"/str","/ev",{"*":".^.^.c-0","flg":18},{"s":["^It's in the truck.",{"->":"$r","var":true},null]}],["ev",{"^->":"normal.WherePackage.0.c-1.9.c-1.9.1.$r1"},{"temp=":"$r"},"str",{"->":".^.s"},[{"#n":"$r1"}],"/str","/ev",{"*":".^.^.c-1","flg":18},{"s":["^I don't know. ",{"->":"$r","var":true},null]}],{"c-0":["ev",{"^->":"normal.WherePackage.0.c-1.9.c-1.9.c-0.$r2"},"/ev",{"temp=":"$r"},{"->":".^.^.0.s"},[{"#n":"$r2"}],"\n","^Ok. could you get it for me.","\n",[["ev",{"^->":"normal.WherePackage.0.c-1.9.c-1.9.c-0.9.0.$r1"},{"temp=":"$r"},"str",{"->":".^.s"},[{"#n":"$r1"}],"/str","/ev",{"*":".^.^.c-0","flg":18},{"s":["^No",{"->":"$r","var":true},null]}],["ev",{"^->":"normal.WherePackage.0.c-1.9.c-1.9.c-0.9.1.$r1"},{"temp=":"$r"},"str",{"->":".^.s"},[{"#n":"$r1"}],"/str","/ev",{"*":".^.^.c-1","flg":18},{"s":["^Yes",{"->":"$r","var":true},null]}],{"c-0":["ev",{"^->":"normal.WherePackage.0.c-1.9.c-1.9.c-0.9.c-0.$r2"},"/ev",{"temp=":"$r"},{"->":".^.^.0.s"},[{"#n":"$r2"}],"\n","ev","str","^annoyed","/str","/ev",{"VAR=":"reaction","re":true},"^exuse me!","\n",[["ev",{"^->":"normal.WherePackage.0.c-1.9.c-1.9.c-0.9.c-0.15.0.$r1"},{"temp=":"$r"},"str",{"->":".^.s"},[{"#n":"$r1"}],"/str","/ev",{"*":".^.^.c-0","flg":18},{"s":["^You heard what I said.",{"->":"$r","var":true},null]}],["ev",{"^->":"normal.WherePackage.0.c-1.9.c-1.9.c-0.9.c-0.15.1.$r1"},{"temp=":"$r"},"str",{"->":".^.s"},[{"#n":"$r1"}],"/str","/ev",{"*":".^.^.c-1","flg":18},{"s":["^Sorry, I meant that it's really heavy.",{"->":"$r","var":true},null]}],{"c-0":["ev",{"^->":"normal.WherePackage.0.c-1.9.c-1.9.c-0.9.c-0.15.c-0.$r2"},"/ev",{"temp=":"$r"},{"->":".^.^.0.s"},[{"#n":"$r2"}],"\n","^You better buck up your ideas sunshine, or I'm going to report you to your boss.","\n",[["ev",{"^->":"normal.WherePackage.0.c-1.9.c-1.9.c-0.9.c-0.15.c-0.9.0.$r1"},{"temp=":"$r"},"str",{"->":".^.s"},[{"#n":"$r1"}],"/str","/ev",{"*":".^.^.c-0","flg":18},{"s":["^jokes on you, I don't have a boss",{"->":"$r","var":true},null]}],["ev",{"^->":"normal.WherePackage.0.c-1.9.c-1.9.c-0.9.c-0.15.c-0.9.1.$r1"},{"temp=":"$r"},"str",{"->":".^.s"},[{"#n":"$r1"}],"/str","/ev",{"*":".^.^.c-1","flg":18},{"s":["^...",{"->":"$r","var":true},null]}],{"c-0":["ev",{"^->":"normal.WherePackage.0.c-1.9.c-1.9.c-0.9.c-0.15.c-0.9.c-0.$r2"},"/ev",{"temp=":"$r"},{"->":".^.^.0.s"},[{"#n":"$r2"}],"\n","^wait...so your just some dude that decided to bother me for no reason","\n",[["ev",{"^->":"normal.WherePackage.0.c-1.9.c-1.9.c-0.9.c-0.15.c-0.9.c-0.9.0.$r1"},{"temp=":"$r"},"str",{"->":".^.s"},[{"#n":"$r1"}],"/str","/ev",{"*":".^.^.c-0","flg":18},{"s":["^yes",{"->":"$r","var":true},null]}],["ev",{"^->":"normal.WherePackage.0.c-1.9.c-1.9.c-0.9.c-0.15.c-0.9.c-0.9.1.$r1"},{"temp=":"$r"},"str",{"->":".^.s"},[{"#n":"$r1"}],"/str","/ev",{"*":".^.^.c-1","flg":18},{"s":["^no",{"->":"$r","var":true},null]}],{"c-0":["ev",{"^->":"normal.WherePackage.0.c-1.9.c-1.9.c-0.9.c-0.15.c-0.9.c-0.9.c-0.$r2"},"/ev",{"temp=":"$r"},{"->":".^.^.0.s"},[{"#n":"$r2"}],"\n","ev",{"VAR?":"reaction"},"/ev",["du","ev","str","^annoyed","/str","==","/ev",{"->":".^.b","c":true},{"b":["pop","\n","^You're an idiot. ","end","\n",{"->":".^.^.^.14"},null]}],["du","ev","str","^neutral","/str","==","/ev",{"->":".^.b","c":true},{"b":["pop","\n","^ok. Bye. ","end","\n",{"->":".^.^.^.14"},null]}],["du","ev","str","^Expecting","/str","==","/ev",{"->":".^.b","c":true},{"b":["pop","\n",{"->":"normal.why"},{"->":".^.^.^.14"},null]}],"pop","nop","\n",{"#f":5}],"c-1":["ev",{"^->":"normal.WherePackage.0.c-1.9.c-1.9.c-0.9.c-0.15.c-0.9.c-0.9.c-1.$r2"},"/ev",{"temp=":"$r"},{"->":".^.^.1.s"},[{"#n":"$r2"}],"\n","^You're an idiot ","end","\n",{"#f":5}]}],{"#f":5}],"c-1":["ev",{"^->":"normal.WherePackage.0.c-1.9.c-1.9.c-0.9.c-0.15.c-0.9.c-1.$r2"},"/ev",{"temp=":"$r"},{"->":".^.^.1.s"},[{"#n":"$r2"}],"\n","^alright then.","<>","^ ",{"->":"normal.WhereTruck"},"\n",{"#f":5}]}],{"#f":5}],"c-1":["ev",{"^->":"normal.WherePackage.0.c-1.9.c-1.9.c-0.9.c-0.15.c-1.$r2"},"/ev",{"temp=":"$r"},{"->":".^.^.1.s"},[{"#n":"$r2"}],"\n","^ok...well I havn't ordered anything heavy so, it can't be mine.","\n",[["ev",{"^->":"normal.WherePackage.0.c-1.9.c-1.9.c-0.9.c-0.15.c-1.9.0.$r1"},{"temp=":"$r"},"str",{"->":".^.s"},[{"#n":"$r1"}],"/str","/ev",{"*":".^.^.c-0","flg":18},{"s":["^oh really, sorry for bothering you.",{"->":"$r","var":true},null]}],["ev",{"^->":"normal.WherePackage.0.c-1.9.c-1.9.c-0.9.c-0.15.c-1.9.1.$r1"},{"temp=":"$r"},"str",{"->":".^.s"},[{"#n":"$r1"}],"/str","/ev",{"*":".^.^.c-1","flg":18},{"s":["^No",{"->":"$r","var":true},null]}],["ev",{"^->":"normal.WherePackage.0.c-1.9.c-1.9.c-0.9.c-0.15.c-1.9.2.$r1"},{"temp=":"$r"},"str",{"->":".^.s"},[{"#n":"$r1"}],"/str","/ev",{"*":".^.^.c-2","flg":18},{"s":["^Yes",{"->":"$r","var":true},null]}],{"c-0":["ev",{"^->":"normal.WherePackage.0.c-1.9.c-1.9.c-0.9.c-0.15.c-1.9.c-0.$r2"},"/ev",{"temp=":"$r"},{"->":".^.^.0.s"},[{"#n":"$r2"}],"\n","ev",{"VAR?":"reaction"},"/ev",["du","ev","str","^annoyed","/str","==","/ev",{"->":".^.b","c":true},{"b":["pop","\n","^yes, thank","\n",{"->":".^.^.^.14"},null]}],["du","ev","str","^neutral","/str","==","/ev",{"->":".^.b","c":true},{"b":["pop","\n","^oh, ok, goodbye then ","end","\n",{"->":".^.^.^.14"},null]}],["du","ev","str","^Expecting","/str","==","/ev",{"->":".^.b","c":true},{"b":["pop","\n","^it's ok, sometimes it's just nice to talk to strangers","\n",{"->":".^.^.^.14"},null]}],"pop","nop","\n",{"#f":5}],"c-1":["ev",{"^->":"normal.WherePackage.0.c-1.9.c-1.9.c-0.9.c-0.15.c-1.9.c-1.$r2"},"/ev",{"temp=":"$r"},{"->":".^.^.1.s"},[{"#n":"$r2"}],"\n","^oh...ok...well good thing this conversation is over then. bye ","end","\n",{"#f":5}],"c-2":["ev",{"^->":"normal.WherePackage.0.c-1.9.c-1.9.c-0.9.c-0.15.c-1.9.c-2.$r2"},"/ev",{"temp=":"$r"},{"->":".^.^.2.s"},[{"#n":"$r2"}],"\n","^Well...Goodbye.","\n","end",{"#f":5}]}],{"#f":5}]}],{"#f":5}],"c-1":["ev",{"^->":"normal.WherePackage.0.c-1.9.c-1.9.c-0.9.c-1.$r2"},"/ev",{"temp=":"$r"},{"->":".^.^.1.s"},[{"#n":"$r2"}],"\n","ev",{"VAR?":"reaction"},"/ev",["du","ev","str","^annoyed","/str","==","/ev",{"->":".^.b","c":true},{"b":["pop","\n","^You're an entitled idiot. Go away. ","end","\n",{"->":".^.^.^.14"},null]}],["du","ev","str","^neutral","/str","==","/ev",{"->":".^.b","c":true},{"b":["pop","\n","^OK, thank you ","end","\n",{"->":".^.^.^.14"},null]}],["du","ev","str","^Expecting","/str","==","/ev",{"->":".^.b","c":true},{"b":["pop","\n",{"->":"normal.why"},{"->":".^.^.^.14"},null]}],"pop","nop","\n",{"#f":5}]}],{"#f":5}],"c-1":["ev",{"^->":"normal.WherePackage.0.c-1.9.c-1.9.c-1.$r2"},"/ev",{"temp=":"$r"},{"->":".^.^.1.s"},[{"#n":"$r2"}],"\n","^What?","\n",[["ev",{"^->":"normal.WherePackage.0.c-1.9.c-1.9.c-1.9.0.$r1"},{"temp=":"$r"},"str",{"->":".^.s"},[{"#n":"$r1"}],"/str","/ev",{"*":".^.^.c-0","flg":18},{"s":["^I don't know",{"->":"$r","var":true},null]}],["ev",{"^->":"normal.WherePackage.0.c-1.9.c-1.9.c-1.9.1.$r1"},{"temp=":"$r"},"str",{"->":".^.s"},[{"#n":"$r1"}],"/str","/ev",{"*":".^.^.c-1","flg":18},{"s":["^It's not here.",{"->":"$r","var":true},null]}],{"c-0":["ev",{"^->":"normal.WherePackage.0.c-1.9.c-1.9.c-1.9.c-0.$r2"},"/ev",{"temp=":"$r"},{"->":".^.^.0.s"},[{"#n":"$r2"}],"\n","ev",{"VAR?":"reaction"},"/ev",["du","ev","str","^annoyed","/str","==","/ev",{"->":".^.b","c":true},{"b":["pop","\n","^You're an entitled idiot. Go away. ","end","\n",{"->":".^.^.^.14"},null]}],["du","ev","str","^neutral","/str","==","/ev",{"->":".^.b","c":true},{"b":["pop","\n","^OK, thank you ","end","\n",{"->":".^.^.^.14"},null]}],["du","ev","str","^Expecting","/str","==","/ev",{"->":".^.b","c":true},{"b":["pop","\n",{"->":"normal.why"},{"->":".^.^.^.14"},null]}],"pop","nop","\n",{"#f":5}],"c-1":["ev",{"^->":"normal.WherePackage.0.c-1.9.c-1.9.c-1.9.c-1.$r2"},"/ev",{"temp=":"$r"},{"->":".^.^.1.s"},[{"#n":"$r2"}],"\n",{"#f":5}]}],{"#f":5}]}],{"#f":5}],"c-2":["ev",{"^->":"normal.WherePackage.0.c-1.9.c-2.$r2"},"/ev",{"temp=":"$r"},{"->":".^.^.2.s"},[{"#n":"$r2"}],"\n","^I see...So your just some guy that decided to knock on my door then lie to me.","\n",[["ev",{"^->":"normal.WherePackage.0.c-1.9.c-2.9.0.$r1"},{"temp=":"$r"},"str",{"->":".^.s"},[{"#n":"$r1"}],"/str","/ev",{"*":".^.^.c-0","flg":18},{"s":["^Yes",{"->":"$r","var":true},null]}],["ev",{"^->":"normal.WherePackage.0.c-1.9.c-2.9.1.$r1"},{"temp=":"$r"},"str",{"->":".^.s"},[{"#n":"$r1"}],"/str","/ev",{"*":".^.^.c-1","flg":18},{"s":["^No",{"->":"$r","var":true},null]}],{"c-0":["ev",{"^->":"normal.WherePackage.0.c-1.9.c-2.9.c-0.$r2"},"/ev",{"temp=":"$r"},{"->":".^.^.0.s"},[{"#n":"$r2"}],"\n","ev",{"VAR?":"reaction"},"/ev",["du","ev","str","^annoyed","/str","==","/ev",{"->":".^.b","c":true},{"b":["pop","\n","^You're an idiot. ","end","\n",{"->":".^.^.^.14"},null]}],["du","ev","str","^neutral","/str","==","/ev",{"->":".^.b","c":true},{"b":["pop","\n","^Sure, why not? ","end","\n",{"->":".^.^.^.14"},null]}],["du","ev","str","^Expecting","/str","==","/ev",{"->":".^.b","c":true},{"b":["pop","\n",{"->":"normal.why"},{"->":".^.^.^.14"},null]}],"pop","nop","\n",{"#f":5}],"c-1":["ev",{"^->":"normal.WherePackage.0.c-1.9.c-2.9.c-1.$r2"},"/ev",{"temp=":"$r"},{"->":".^.^.1.s"},[{"#n":"$r2"}],"\n","^You're an idiot.","\n","end","end",{"#f":5}]}],{"#f":5}]}],{"#f":5}]}],{"#f":1}],"why":[["^Why?","\n",["ev",{"^->":"normal.why.0.2.$r1"},{"temp=":"$r"},"str",{"->":".^.s"},[{"#n":"$r1"}],"/str","/ev",{"*":".^.^.c-0","flg":18},{"s":["^I was bored",{"->":"$r","var":true},null]}],["ev",{"^->":"normal.why.0.3.$r1"},{"temp=":"$r"},"str",{"->":".^.s"},[{"#n":"$r1"}],"/str","/ev",{"*":".^.^.c-1","flg":18},{"s":["^I was lonely",{"->":"$r","var":true},null]}],["ev",{"^->":"normal.why.0.4.$r1"},{"temp=":"$r"},"str",{"->":".^.s"},[{"#n":"$r1"}],"/str","/ev",{"*":".^.^.c-2","flg":18},{"s":["^I just wanted to have some fun.",{"->":"$r","var":true},null]}],{"c-0":["ev",{"^->":"normal.why.0.c-0.$r2"},"/ev",{"temp=":"$r"},{"->":".^.^.2.s"},[{"#n":"$r2"}],"\n","^ok, well can you be bored somewhere else","\n",[["ev",{"^->":"normal.why.0.c-0.9.0.$r1"},{"temp=":"$r"},"str",{"->":".^.s"},[{"#n":"$r1"}],"/str","/ev",{"*":".^.^.c-0","flg":18},{"s":["^Yes",{"->":"$r","var":true},null]}],["ev",{"^->":"normal.why.0.c-0.9.1.$r1"},{"temp=":"$r"},"str",{"->":".^.s"},[{"#n":"$r1"}],"/str","/ev",{"*":".^.^.c-1","flg":18},{"s":["^no",{"->":"$r","var":true},null]}],{"c-0":["ev",{"^->":"normal.why.0.c-0.9.c-0.$r2"},"/ev",{"temp=":"$r"},{"->":".^.^.0.s"},[{"#n":"$r2"}],"\n","^ok...goodbye. ","end","\n",{"#f":5}],"c-1":["ev",{"^->":"normal.why.0.c-0.9.c-1.$r2"},"/ev",{"temp=":"$r"},{"->":".^.^.1.s"},[{"#n":"$r2"}],"\n","^ok, so here's what I'm going to do...I'm going to shut this door, and if your not gone by the time I open it again, I'm calling the police. ","end","\n",{"#f":5}]}],{"#f":5}],"c-1":["ev",{"^->":"normal.why.0.c-1.$r2"},"/ev",{"temp=":"$r"},{"->":".^.^.3.s"},[{"#n":"$r2"}],"\n","^oh...buddy.","\n",[["ev",{"^->":"normal.why.0.c-1.9.0.$r1"},{"temp=":"$r"},"str",{"->":".^.s"},[{"#n":"$r1"}],"/str","/ev",{"*":".^.^.c-0","flg":18},{"s":["^Could we just chat a bit more.",{"->":"$r","var":true},null]}],["ev",{"^->":"normal.why.0.c-1.9.1.$r1"},{"temp=":"$r"},"str",{"->":".^.s"},[{"#n":"$r1"}],"/str","/ev",{"*":".^.^.c-1","flg":18},{"s":["^But I'm ok now.",{"->":"$r","var":true},null]}],{"c-0":["ev",{"^->":"normal.why.0.c-1.9.c-0.$r2"},"/ev",{"temp=":"$r"},{"->":".^.^.0.s"},[{"#n":"$r2"}],"\n","^I'm sorry, but I'm really busy right now. Come back later and we can get you some help, ok...","\n",[["ev",{"^->":"normal.why.0.c-1.9.c-0.9.0.$r1"},{"temp=":"$r"},"str",{"->":".^.s"},[{"#n":"$r1"}],"/str","/ev",{"*":".^.^.c-0","flg":18},{"s":["^I understand.",{"->":"$r","var":true},null]}],{"c-0":["ev",{"^->":"normal.why.0.c-1.9.c-0.9.c-0.$r2"},"/ev",{"temp=":"$r"},{"->":".^.^.0.s"},[{"#n":"$r2"}],"\n","^Again, really sorry about this.","\n","end",{"#f":5}]}],{"#f":5}],"c-1":["ev",{"^->":"normal.why.0.c-1.9.c-1.$r2"},"/ev",{"temp=":"$r"},{"->":".^.^.1.s"},[{"#n":"$r2"}],"\n","^Well, I glad I could help, I'm going back inside now. ","end","\n",{"#f":5}]}],{"#f":5}],"c-2":["ev",{"^->":"normal.why.0.c-2.$r2"},"/ev",{"temp=":"$r"},{"->":".^.^.4.s"},[{"#n":"$r2"}],"\n","^did you?","\n",[["ev",{"^->":"normal.why.0.c-2.9.0.$r1"},{"temp=":"$r"},"str",{"->":".^.s"},[{"#n":"$r1"}],"/str","/ev",{"*":".^.^.c-0","flg":18},{"s":["^Yes",{"->":"$r","var":true},null]}],["ev",{"^->":"normal.why.0.c-2.9.1.$r1"},{"temp=":"$r"},"str",{"->":".^.s"},[{"#n":"$r1"}],"/str","/ev",{"*":".^.^.c-1","flg":18},{"s":["^No",{"->":"$r","var":true},null]}],{"c-0":["ev",{"^->":"normal.why.0.c-2.9.c-0.$r2"},"/ev",{"temp=":"$r"},{"->":".^.^.0.s"},[{"#n":"$r2"}],"\n","^Well...good for you I guess, I have to go back inside now. ","end","\n",{"#f":5}],"c-1":["ev",{"^->":"normal.why.0.c-2.9.c-1.$r2"},"/ev",{"temp=":"$r"},{"->":".^.^.1.s"},[{"#n":"$r2"}],"\n","^Well...sorry about that. ","end","\n",{"#f":5}]}],{"#f":5}]}],{"#f":1}],"signHere":[["ev",{"VAR?":"reaction"},"/ev",["du","ev","str","^annoyed","/str","==","/ev",{"->":".^.b","c":true},{"b":["pop","\n","^Well your not doing a great job. Where should I sign then?","\n",{"->":".^.^.^.7"},null]}],["du","ev","str","^neutral","/str","==","/ev",{"->":".^.b","c":true},{"b":["pop","\n","^Fine, Give me it then.","\n",{"->":".^.^.^.7"},null]}],["du","ev","str","^Expecting","/str","==","/ev",{"->":".^.b","c":true},{"b":["pop","\n","^Fine, where should I sign?","\n",{"->":".^.^.^.7"},null]}],"pop","nop","\n",["ev",{"^->":"normal.signHere.0.9.$r1"},{"temp=":"$r"},"str",{"->":".^.s"},[{"#n":"$r1"}],"/str","/ev",{"*":".^.^.c-0","flg":18},{"s":["^Just here.",{"->":"$r","var":true},null]}],{"c-0":["ev",{"^->":"normal.signHere.0.c-0.$r2"},"/ev",{"temp=":"$r"},{"->":".^.^.9.s"},[{"#n":"$r2"}],"\n","^exucese me.","\n",{"->":".^.^.g-0"},{"#f":5}],"g-0":[["ev",{"^->":"normal.signHere.0.g-0.0.$r1"},{"temp=":"$r"},"str",{"->":".^.s"},[{"#n":"$r1"}],"/str","/ev",{"*":".^.^.c-1","flg":18},{"s":["^Right here",{"->":"$r","var":true},null]}],["ev",{"^->":"normal.signHere.0.g-0.1.$r1"},{"temp=":"$r"},"str",{"->":".^.s"},[{"#n":"$r1"}],"/str","/ev",{"*":".^.^.c-2","flg":18},{"s":["^oh darn, I left the papers in my truck.",{"->":"$r","var":true},null]}],{"c-1":["ev",{"^->":"normal.signHere.0.g-0.c-1.$r2"},"/ev",{"temp=":"$r"},{"->":".^.^.0.s"},[{"#n":"$r2"}],"\n","^Where, your just saying \"here\" without pointing to anything.","\n",[["ev",{"^->":"normal.signHere.0.g-0.c-1.9.0.$r1"},{"temp=":"$r"},"str",{"->":".^.s"},[{"#n":"$r1"}],"/str","/ev",{"*":".^.^.c-0","flg":18},{"s":["^Sir I'm just doing my job.",{"->":"$r","var":true},null]}],["ev",{"^->":"normal.signHere.0.g-0.c-1.9.1.$r1"},{"temp=":"$r"},"str",{"->":".^.s"},[{"#n":"$r1"}],"/str","/ev",{"*":".^.^.c-1","flg":18},{"s":["^Oh sorry sir, just here",{"->":"$r","var":true},null]}],{"c-0":["ev",{"^->":"normal.signHere.0.g-0.c-1.9.c-0.$r2"},"/ev",{"temp=":"$r"},{"->":".^.^.0.s"},[{"#n":"$r2"}],"\n","ev",{"VAR?":"reaction"},"/ev",["du","ev","str","^annoyed","/str","==","/ev",{"->":".^.b","c":true},{"b":["pop","\n","^You're an idiot! ","end","\n",{"->":".^.^.^.14"},null]}],["du","ev","str","^neutral","/str","==","/ev",{"->":".^.b","c":true},{"b":["pop","\n","^are you ok ","<>","^ ",{"->":"normal.WhereTruck"},"\n",{"->":".^.^.^.14"},null]}],["du","ev","str","^Expecting","/str","==","/ev",{"->":".^.b","c":true},{"b":["pop","\n","^are you ok ","<>","^ ",{"->":"normal.WhereTruck"},"\n",{"->":".^.^.^.14"},null]}],"pop","nop","\n",{"#f":5}],"c-1":["ev",{"^->":"normal.signHere.0.g-0.c-1.9.c-1.$r2"},"/ev",{"temp=":"$r"},{"->":".^.^.1.s"},[{"#n":"$r2"}],"\n","^...are you ok?","\n",[["ev",{"^->":"normal.signHere.0.g-0.c-1.9.c-1.9.0.$r1"},{"temp=":"$r"},"str",{"->":".^.s"},[{"#n":"$r1"}],"/str","/ev",{"*":".^.^.c-0","flg":18},{"s":["^...",{"->":"$r","var":true},null]}],{"c-0":["ev",{"^->":"normal.signHere.0.g-0.c-1.9.c-1.9.c-0.$r2"},"/ev",{"temp=":"$r"},{"->":".^.^.0.s"},[{"#n":"$r2"}],"\n","^...","\n",[["ev",{"^->":"normal.signHere.0.g-0.c-1.9.c-1.9.c-0.9.0.$r1"},{"temp=":"$r"},"str",{"->":".^.s"},[{"#n":"$r1"}],"/str","/ev",{"*":".^.^.c-0","flg":18},{"s":["^...",{"->":"$r","var":true},null]}],["ev",{"^->":"normal.signHere.0.g-0.c-1.9.c-1.9.c-0.9.1.$r1"},{"temp=":"$r"},"str",{"->":".^.s"},[{"#n":"$r1"}],"/str","/ev",{"*":".^.^.c-1","flg":18},{"s":["^Just sign here",{"->":"$r","var":true},null]}],{"c-0":["ev",{"^->":"normal.signHere.0.g-0.c-1.9.c-1.9.c-0.9.c-0.$r2"},"/ev",{"temp=":"$r"},{"->":".^.^.0.s"},[{"#n":"$r2"}],"\n","^hello?","\n",[["ev",{"^->":"normal.signHere.0.g-0.c-1.9.c-1.9.c-0.9.c-0.9.0.$r1"},{"temp=":"$r"},"str",{"->":".^.s"},[{"#n":"$r1"}],"/str","/ev",{"*":".^.^.c-0","flg":18},{"s":["^just here",{"->":"$r","var":true},null]}],{"c-0":["ev",{"^->":"normal.signHere.0.g-0.c-1.9.c-1.9.c-0.9.c-0.9.c-0.$r2"},"/ev",{"temp=":"$r"},{"->":".^.^.0.s"},[{"#n":"$r2"}],"\n","^... ","end","\n",{"#f":5}]}],{"#f":5}],"c-1":["ev",{"^->":"normal.signHere.0.g-0.c-1.9.c-1.9.c-0.9.c-1.$r2"},"/ev",{"temp=":"$r"},{"->":".^.^.1.s"},[{"#n":"$r2"}],"\n","^umm... ","end","\n",{"#f":5}]}],{"#f":5}]}],{"#f":5}]}],{"#f":5}],"c-2":["ev",{"^->":"normal.signHere.0.g-0.c-2.$r2"},"/ev",{"temp=":"$r"},{"->":".^.^.1.s"},[{"#n":"$r2"}],"\n","^So you walked all the way up here with nothing","\n",[["ev",{"^->":"normal.signHere.0.g-0.c-2.9.0.$r1"},{"temp=":"$r"},"str",{"->":".^.s"},[{"#n":"$r1"}],"/str","/ev",{"*":".^.^.c-0","flg":18},{"s":["^Look we all have  bad days",{"->":"$r","var":true},null]}],["ev",{"^->":"normal.signHere.0.g-0.c-2.9.1.$r1"},{"temp=":"$r"},"str",{"->":".^.s"},[{"#n":"$r1"}],"/str","/ev",{"*":".^.^.c-1","flg":18},{"s":["^Yes, Sorry about that.",{"->":"$r","var":true},null]}],{"c-0":["ev",{"^->":"normal.signHere.0.g-0.c-2.9.c-0.$r2"},"/ev",{"temp=":"$r"},{"->":".^.^.0.s"},[{"#n":"$r2"}],"\n","^I mean sure but... hey,","<>","^ ",{"->":"normal.WhereTruck"},"\n",{"#f":5}],"c-1":["ev",{"^->":"normal.signHere.0.g-0.c-2.9.c-1.$r2"},"/ev",{"temp=":"$r"},{"->":".^.^.1.s"},[{"#n":"$r2"}],"\n","ev",{"VAR?":"reaction"},"/ev",["du","ev","str","^annoyed","/str","==","/ev",{"->":".^.b","c":true},{"b":["pop","\n","^You better be. ","end","\n",{"->":".^.^.^.14"},null]}],["du","ev","str","^neutral","/str","==","/ev",{"->":".^.b","c":true},{"b":["pop","\n","^sure whatever. ","<>","^ ",{"->":"normal.WhereTruck"},"\n",{"->":".^.^.^.14"},null]}],["du","ev","str","^Expecting","/str","==","/ev",{"->":".^.b","c":true},{"b":["pop","\n","^are you ok? ","<>","^ ",{"->":"normal.WhereTruck"},"\n",{"->":".^.^.^.14"},null]}],"pop","nop","\n",{"#f":5}]}],{"#f":5}],"#f":5}]}],{"#f":1}],"WhereTruck":[["^Where is you're truck anyway, I don't see anything?","\n",["ev",{"^->":"normal.WhereTruck.0.2.$r1"},{"temp=":"$r"},"str",{"->":".^.s"},[{"#n":"$r1"}],"/str","/ev",{"*":".^.^.c-0","flg":18},{"s":["^It's not really a truck, it's one of those cars parked on the street.",{"->":"$r","var":true},null]}],["ev",{"^->":"normal.WhereTruck.0.3.$r1"},{"temp=":"$r"},"str",{"->":".^.s"},[{"#n":"$r1"}],"/str","/ev",{"*":".^.^.c-1","flg":18},{"s":["^I crashed it. ",{"->":"$r","var":true},null]}],{"c-0":["ev",{"^->":"normal.WhereTruck.0.c-0.$r2"},"/ev",{"temp=":"$r"},{"->":".^.^.2.s"},[{"#n":"$r2"}],"\n","^Which car?","\n",[["ev",{"^->":"normal.WhereTruck.0.c-0.9.0.$r1"},{"temp=":"$r"},"str",{"->":".^.s"},[{"#n":"$r1"}],"/str","/ev",{"*":".^.^.c-0","flg":18},{"s":["^The blue one.",{"->":"$r","var":true},null]}],["ev",{"^->":"normal.WhereTruck.0.c-0.9.1.$r1"},{"temp=":"$r"},"str",{"->":".^.s"},[{"#n":"$r1"}],"/str","/ev",{"*":".^.^.c-1","flg":18},{"s":["^The green car.",{"->":"$r","var":true},null]}],["ev",{"^->":"normal.WhereTruck.0.c-0.9.2.$r1"},{"temp=":"$r"},"str",{"->":".^.s"},[{"#n":"$r1"}],"/str","/ev",{"*":".^.^.c-2","flg":18},{"s":["^The red one",{"->":"$r","var":true},null]}],["ev",{"^->":"normal.WhereTruck.0.c-0.9.3.$r1"},{"temp=":"$r"},"str",{"->":".^.s"},[{"#n":"$r1"}],"/str","/ev",{"*":".^.^.c-3","flg":18},{"s":["^...",{"->":"$r","var":true},null]}],{"c-0":["ev",{"^->":"normal.WhereTruck.0.c-0.9.c-0.$r2"},"/ev",{"temp=":"$r"},{"->":".^.^.0.s"},[{"#n":"$r2"}],"\n","^That's my car.","\n",[["ev",{"^->":"normal.WhereTruck.0.c-0.9.c-0.9.0.$r1"},{"temp=":"$r"},"str",{"->":".^.s"},[{"#n":"$r1"}],"/str","/ev",{"*":".^.^.c-0","flg":18},{"s":["^ummm",{"->":"$r","var":true},null]}],["ev",{"^->":"normal.WhereTruck.0.c-0.9.c-0.9.1.$r1"},{"temp=":"$r"},"str",{"->":".^.s"},[{"#n":"$r1"}],"/str","/ev",{"*":".^.^.c-1","flg":18},{"s":["^no it's mine",{"->":"$r","var":true},null]}],{"c-0":["ev",{"^->":"normal.WhereTruck.0.c-0.9.c-0.9.c-0.$r2"},"/ev",{"temp=":"$r"},{"->":".^.^.0.s"},[{"#n":"$r2"}],"\n",{"->":".^.^.g-0"},{"#f":5}],"c-1":["ev",{"^->":"normal.WhereTruck.0.c-0.9.c-0.9.c-1.$r2"},"/ev",{"temp=":"$r"},{"->":".^.^.1.s"},[{"#n":"$r2"}],"\n",{"->":".^.^.g-0"},{"#f":5}],"g-0":["^You're an idiot.","\n","end",{"#f":5}]}],{"#f":5}],"c-1":["ev",{"^->":"normal.WhereTruck.0.c-0.9.c-1.$r2"},"/ev",{"temp=":"$r"},{"->":".^.^.1.s"},[{"#n":"$r2"}],"\n","^I don't see a green car.","\n",[["ev",{"^->":"normal.WhereTruck.0.c-0.9.c-1.9.0.$r1"},{"temp=":"$r"},"str",{"->":".^.s"},[{"#n":"$r1"}],"/str","/ev",{"*":".^.^.c-0","flg":18},{"s":["^are you colour blind?",{"->":"$r","var":true},null]}],["ev",{"^->":"normal.WhereTruck.0.c-0.9.c-1.9.1.$r1"},{"temp=":"$r"},"str",{"->":".^.s"},[{"#n":"$r1"}],"/str","/ev",{"*":".^.^.c-1","flg":18},{"s":["^sorry, I'm colour blind, I meant the red one. ",{"->":"$r","var":true},null]}],{"c-0":["ev",{"^->":"normal.WhereTruck.0.c-0.9.c-1.9.c-0.$r2"},"/ev",{"temp=":"$r"},{"->":".^.^.0.s"},[{"#n":"$r2"}],"\n","^You're an idiot","\n","end",{"#f":5}],"c-1":["ev",{"^->":"normal.WhereTruck.0.c-0.9.c-1.9.c-1.$r2"},"/ev",{"temp=":"$r"},{"->":".^.^.1.s"},[{"#n":"$r2"}],"\n","ev",{"VAR?":"reaction"},"/ev",["du","ev","str","^annoyed","/str","==","/ev",{"->":".^.b","c":true},{"b":["pop","\n","^I don't belive you. Go away ","end","\n",{"->":".^.^.^.14"},null]}],["du","ev","str","^neutral","/str","==","/ev",{"->":".^.b","c":true},{"b":["pop","\n","^I don't belive you. Go away ","end","\n",{"->":".^.^.^.14"},null]}],["du","ev","str","^Expecting","/str","==","/ev",{"->":".^.b","c":true},{"b":["pop","\n","^Oh...sure.. ",{"->":"normal.theRedOne"},"\n",{"->":".^.^.^.14"},null]}],"pop","nop","\n",{"#f":5}]}],{"#f":5}],"c-2":["ev",{"^->":"normal.WhereTruck.0.c-0.9.c-2.$r2"},"/ev",{"temp=":"$r"},{"->":".^.^.2.s"},[{"#n":"$r2"}],"\n","ev",{"VAR?":"reaction"},"/ev",["du","ev","str","^annoyed","/str","==","/ev",{"->":".^.b","c":true},{"b":["pop","\n","^I don't belive you. Go away ","end","\n",{"->":".^.^.^.14"},null]}],["du","ev","str","^neutral","/str","==","/ev",{"->":".^.b","c":true},{"b":["pop","\n","^Sure... ",{"->":"normal.theRedOne"},"\n",{"->":".^.^.^.14"},null]}],["du","ev","str","^Expecting","/str","==","/ev",{"->":".^.b","c":true},{"b":["pop","\n","^Sure... ",{"->":"normal.theRedOne"},"\n",{"->":".^.^.^.14"},null]}],"pop","nop","\n",{"#f":5}],"c-3":["ev",{"^->":"normal.WhereTruck.0.c-0.9.c-3.$r2"},"/ev",{"temp=":"$r"},{"->":".^.^.3.s"},[{"#n":"$r2"}],"\n","^You're an idiot","\n","end",{"#f":5}]}],{"#f":5}],"c-1":["ev",{"^->":"normal.WhereTruck.0.c-1.$r2"},"/ev",{"temp=":"$r"},{"->":".^.^.3.s"},[{"#n":"$r2"}],"\n","ev",{"VAR?":"reaction"},"/ev",["du","ev","str","^annoyed","/str","==","/ev",{"->":".^.b","c":true},{"b":["pop","\n","^Well that's just perfect isn't it. ",{"->":"normal.annoyedinjury"},"\n",{"->":".^.^.^.14"},null]}],["du","ev","str","^neutral","/str","==","/ev",{"->":".^.b","c":true},{"b":["pop","\n","^I see, so that's why my package broke ",{"->":"normal.neutralInjury"},"\n",{"->":".^.^.^.14"},null]}],["du","ev","str","^Expecting","/str","==","/ev",{"->":".^.b","c":true},{"b":["pop","\n","^Oh...are you ok! ",{"->":"normal.areyouok"},"\n",{"->":".^.^.^.14"},null]}],"pop","nop","\n",{"#f":5}]}],{"#f":1}],"annoyedinjury":[[["ev",{"^->":"normal.annoyedinjury.0.0.$r1"},{"temp=":"$r"},"str",{"->":".^.s"},[{"#n":"$r1"}],"/str","/ev",{"*":".^.^.c-0","flg":18},{"s":["^Sorry if my injury incovinenced you",{"->":"$r","var":true},null]}],{"c-0":["ev",{"^->":"normal.annoyedinjury.0.c-0.$r2"},"/ev",{"temp=":"$r"},{"->":".^.^.0.s"},[{"#n":"$r2"}],"\n","^...your quite right, I'm sorry. You're probably not thinking straight. Do you want me to call you an ambiance.","\n",[["ev",{"^->":"normal.annoyedinjury.0.c-0.9.0.$r1"},{"temp=":"$r"},"str",{"->":".^.s"},[{"#n":"$r1"}],"/str","/ev",{"*":".^.^.c-0","flg":18},{"s":["^No I'm ok.",{"->":"$r","var":true},null]}],["ev",{"^->":"normal.annoyedinjury.0.c-0.9.1.$r1"},{"temp=":"$r"},"str",{"->":".^.s"},[{"#n":"$r1"}],"/str","/ev",{"*":".^.^.c-1","flg":18},{"s":["^Yes please",{"->":"$r","var":true},null]}],{"c-0":["ev",{"^->":"normal.annoyedinjury.0.c-0.9.c-0.$r2"},"/ev",{"temp=":"$r"},{"->":".^.^.0.s"},[{"#n":"$r2"}],"\n","^are you sure, you look ok but, and don't take this the wrong way, only someone with a major concioussion would act like the way you did","\n",[["ev",{"^->":"normal.annoyedinjury.0.c-0.9.c-0.9.0.$r1"},{"temp=":"$r"},"str",{"->":".^.s"},[{"#n":"$r1"}],"/str","/ev",{"*":".^.^.c-0","flg":18},{"s":["^Good point",{"->":"$r","var":true},null]}],["ev",{"^->":"normal.annoyedinjury.0.c-0.9.c-0.9.1.$r1"},{"temp=":"$r"},"str",{"->":".^.s"},[{"#n":"$r1"}],"/str","/ev",{"*":".^.^.c-1","flg":18},{"s":["^Not nesserely ",{"->":"$r","var":true},null]}],{"c-0":["ev",{"^->":"normal.annoyedinjury.0.c-0.9.c-0.9.c-0.$r2"},"/ev",{"temp=":"$r"},{"->":".^.^.0.s"},[{"#n":"$r2"}],"\n",{"->":".^.^.^.^.g-0"},{"#f":5}],"c-1":["ev",{"^->":"normal.annoyedinjury.0.c-0.9.c-0.9.c-1.$r2"},"/ev",{"temp=":"$r"},{"->":".^.^.1.s"},[{"#n":"$r2"}],"\n","^maybe, but not likely. ","<>","\n",{"->":".^.^.^.^.g-0"},{"#f":5}]}],{"#f":5}],"c-1":["ev",{"^->":"normal.annoyedinjury.0.c-0.9.c-1.$r2"},"/ev",{"temp=":"$r"},{"->":".^.^.1.s"},[{"#n":"$r2"}],"\n",{"->":".^.^.g-0"},{"#f":5}],"g-0":["^ok, I'm going to go inside to make the call. I'm going to shut the door so you can lean on it.","\n","end",{"#f":5}]}],{"#f":5}]}],{"#f":1}],"neutralInjury":["^h","\n",{"#f":1}],"areyouok":[[["ev",{"^->":"normal.areyouok.0.0.$r1"},{"temp=":"$r"},"str",{"->":".^.s"},[{"#n":"$r1"}],"/str","/ev",{"*":".^.^.c-0","flg":18},{"s":["^no, I think I've suffered an injury. ",{"->":"$r","var":true},null]}],{"c-0":["ev",{"^->":"normal.areyouok.0.c-0.$r2"},"/ev",{"temp=":"$r"},{"->":".^.^.0.s"},[{"#n":"$r2"}],"\n","^Yes,","\n",{"#f":5}]}],{"#f":1}],"theRedOne":["^sure","\n",{"#f":1}],"Caught":[[["ev",{"^->":"normal.Caught.0.0.$r1"},{"temp=":"$r"},"str",{"->":".^.s"},[{"#n":"$r1"}],"/str","/ev",{"*":".^.^.c-0","flg":18},{"s":["^no",{"->":"$r","var":true},null]}],["ev",{"^->":"normal.Caught.0.1.$r1"},{"temp=":"$r"},"str",{"->":".^.s"},[{"#n":"$r1"}],"/str","/ev",{"*":".^.^.c-1","flg":18},{"s":["^yes",{"->":"$r","var":true},null]}],{"c-0":["ev",{"^->":"normal.Caught.0.c-0.$r2"},"/ev",{"temp=":"$r"},{"->":".^.^.0.s"},[{"#n":"$r2"}],"\n","^what are you then?","\n",[["ev",{"^->":"normal.Caught.0.c-0.9.0.$r1"},{"temp=":"$r"},"str",{"->":".^.s"},[{"#n":"$r1"}],"/str","/ev",{"*":".^.^.c-0","flg":18},{"s":["^Very lonely",{"->":"$r","var":true},null]}],["ev",{"^->":"normal.Caught.0.c-0.9.1.$r1"},{"temp=":"$r"},"str",{"->":".^.s"},[{"#n":"$r1"}],"/str","/ev",{"*":".^.^.c-1","flg":18},{"s":["^A delviery truck driver.",{"->":"$r","var":true},null]}],["ev",{"^->":"normal.Caught.0.c-0.9.2.$r1"},{"temp=":"$r"},"str",{"->":".^.s"},[{"#n":"$r1"}],"/str","/ev",{"*":".^.^.c-2","flg":18},{"s":["^Your long lost cousin.",{"->":"$r","var":true},null]}],{"c-0":["ev",{"^->":"normal.Caught.0.c-0.9.c-0.$r2"},"/ev",{"temp=":"$r"},{"->":".^.^.0.s"},[{"#n":"$r2"}],"\n","^Wow...that's really sad.","\n",[["ev",{"^->":"normal.Caught.0.c-0.9.c-0.9.0.$r1"},{"temp=":"$r"},"str",{"->":".^.s"},[{"#n":"$r1"}],"/str","/ev",{"*":".^.^.c-0","flg":18},{"s":["^I just needed to talk to someone",{"->":"$r","var":true},null]}],{"c-0":["ev",{"^->":"normal.Caught.0.c-0.9.c-0.9.c-0.$r2"},"/ev",{"temp=":"$r"},{"->":".^.^.0.s"},[{"#n":"$r2"}],"\n","ev",{"VAR?":"reaction"},"/ev",["du","ev","str","^annoyed","/str","==","/ev",{"->":".^.b","c":true},{"b":["pop","\n","^Well go bother someone else then ","end","\n",{"->":".^.^.^.14"},null]}],["du","ev","str","^neutral","/str","==","/ev",{"->":".^.b","c":true},{"b":["pop","\n","^ummm...look I'm sorry but I can't really help you. ","end","\n",{"->":".^.^.^.14"},null]}],["du","ev","str","^Expecting","/str","==","/ev",{"->":".^.b","c":true},{"b":["pop","\n","^ummm...look I'm sorry but I can't really help with that. I'm sorry ","end","\n",{"->":".^.^.^.14"},null]}],"pop","nop","\n",{"#f":5}]}],{"#f":5}],"c-1":["ev",{"^->":"normal.Caught.0.c-0.9.c-1.$r2"},"/ev",{"temp=":"$r"},{"->":".^.^.1.s"},[{"#n":"$r2"}],"\n","^You're an idiot ","end","\n",{"#f":5}],"c-2":["ev",{"^->":"normal.Caught.0.c-0.9.c-2.$r2"},"/ev",{"temp=":"$r"},{"->":".^.^.2.s"},[{"#n":"$r2"}],"\n","^You're an idiot ","end","\n",{"#f":5}]}],{"#f":5}],"c-1":["ev",{"^->":"normal.Caught.0.c-1.$r2"},"/ev",{"temp=":"$r"},{"->":".^.^.1.s"},[{"#n":"$r2"}],"\n","^You're an idiot ","end","\n",{"#f":5}]}],{"#f":1}],"annoyedremeber":["end",{"#f":1}],"neutralRemeber":["end",{"#f":1}],"expectingRemeber":["end",{"#f":1}],"#f":1}],"bloodynose":[{"->":".^.neutral"},{"neutral":["end",{"#f":1}],"Annoyed":["end",{"#f":1}],"expecting":["end",{"#f":1}],"#f":1}],"needsfriend":[{"->":".^.neutral"},{"neutral":["end",{"#f":1}],"Annoyed":["end",{"#f":1}],"expecting":["end",{"#f":1}],"#f":1}],"global decl":["ev","str","^","/str",{"VAR=":"reaction"},"/ev","end",null],"#f":1}],"listDefs":{}}